Id,Prediction
1,6
2,2
3,2
4,4
5,7
6,3
7,7
8,4
9,4
10,2
11,4
12,5
13,6
14,3
15,4
16,1
17,3
18,1
19,10
20,8
21,2
22,9
23,9
24,5
25,6
26,7
27,2
28,5
29,1
30,10
31,3
32,4
33,7
34,9
35,2
36,5
37,7
38,8
39,10
40,10
41,9
42,6
43,1
44,7
45,2
46,4
47,1
48,7
49,2
50,10
51,9
52,7
53,4
54,4
55,6
56,3
57,4
58,3
59,5
60,5
61,1
62,7
63,8
64,10
65,1
66,1
67,1
68,3
69,4
70,7
71,6
72,6
73,10
74,2
75,8
76,4
77,4
78,4
79,5
80,10
81,4
82,8
83,2
84,3
85,7
86,6
87,8
88,8
89,1
90,10
91,4
92,9
93,5
94,3
95,3
96,2
97,9
98,4
99,8
100,2
101,5
102,4
103,9
104,1
105,9
106,2
107,7
108,3
109,10
110,4
111,6
112,5
113,10
114,8
115,4
116,9
117,6
118,10
119,6
120,1
121,1
122,2
123,8
124,3
125,10
126,9
127,6
128,8
129,5
130,9
131,1
132,10
133,3
134,1
135,10
136,2
137,6
138,3
139,2
140,4
141,6
142,2
143,1
144,6
145,6
146,7
147,8
148,8
149,2
150,9
151,1
152,10
153,2
154,3
155,2
156,6
157,1
158,2
159,9
160,7
161,1
162,5
163,10
164,4
165,7
166,10
167,7
168,10
169,8
170,9
171,10
172,10
173,8
174,8
175,4
176,2
177,4
178,7
179,6
180,5
181,10
182,4
183,2
184,5
185,5
186,3
187,4
188,3
189,7
190,1
191,7
192,1
193,8
194,9
195,8
196,10
197,7
198,6
199,1
200,8
201,8
202,4
203,8
204,3
205,8
206,3
207,6
208,5
209,1
210,8
211,4
212,7
213,10
214,8
215,5
216,8
217,4
218,3
219,5
220,9
221,7
222,9
223,10
224,3
225,2
226,9
227,4
228,4
229,3
230,8
231,8
232,2
233,6
234,9
235,7
236,10
237,9
238,1
239,6
240,10
241,2
242,2
243,1
244,8
245,8
246,4
247,4
248,9
249,9
250,1
251,4
252,4
253,7
254,10
255,8
256,2
257,8
258,7
259,9
260,5
261,8
262,10
263,3
264,10
265,2
266,2
267,2
268,9
269,10
270,7
271,3
272,2
273,9
274,6
275,10
276,1
277,2
278,2
279,3
280,3
281,7
282,4
283,9
284,5
285,5
286,6
287,9
288,7
289,1
290,9
291,2
292,1
293,4
294,2
295,5
296,3
297,3
298,4
299,5
300,5
301,2
302,6
303,8
304,7
305,6
306,8
307,6
308,9
309,2
310,10
311,5
312,1
313,10
314,5
315,7
316,6
317,2
318,7
319,1
320,8
321,7
322,9
323,4
324,10
325,9
326,1
327,10
328,8
329,3
330,1
331,1
332,8
333,4
334,9
335,7
336,4
337,9
338,6
339,7
340,4
341,8
342,9
343,8
344,9
345,1
346,2
347,4
348,5
349,7
350,10
351,4
352,7
353,7
354,2
355,10
356,9
357,2
358,10
359,6
360,5
361,10
362,2
363,6
364,3
365,9
366,6
367,9
368,10
369,3
370,10
371,7
372,6
373,4
374,5
375,6
376,4
377,5
378,4
379,6
380,9
381,2
382,10
383,1
384,1
385,7
386,2
387,1
388,10
389,4
390,2
391,6
392,3
393,2
394,8
395,5
396,10
397,2
398,2
399,6
400,1
401,5
402,7
403,10
404,3
405,7
406,5
407,9
408,1
409,9
410,4
411,9
412,9
413,9
414,10
415,10
416,6
417,5
418,7
419,3
420,7
421,10
422,6
423,8
424,2
425,9
426,8
427,5
428,2
429,2
430,5
431,9
432,7
433,6
434,10
435,5
436,2
437,9
438,4
439,2
440,2
441,3
442,7
443,1
444,4
445,6
446,1
447,10
448,7
449,3
450,8
451,4
452,2
453,8
454,4
455,1
456,9
457,5
458,3
459,9
460,7
461,8
462,3
463,6
464,7
465,6
466,8
467,3
468,9
469,8
470,8
471,3
472,1
473,10
474,2
475,4
476,3
477,3
478,4
479,7
480,5
481,1
482,6
483,4
484,7
485,7
486,8
487,10
488,9
489,6
490,10
491,8
492,1
493,1
494,2
495,5
496,3
497,8
498,4
499,10
500,8
501,7
502,9
503,9
504,10
505,1
506,1
507,3
508,2
509,1
510,3
511,3
512,4
513,10
514,8
515,5
516,9
517,1
518,10
519,5
520,10
521,1
522,5
523,9
524,2
525,1
526,5
527,7
528,7
529,6
530,7
531,1
532,8
533,9
534,4
535,4
536,4
537,2
538,3
539,6
540,2
541,4
542,10
543,6
544,5
545,10
546,8
547,9
548,4
549,2
550,6
551,2
552,5
553,6
554,10
555,8
556,2
557,5
558,2
559,6
560,1
561,10
562,2
563,1
564,5
565,1
566,7
567,1
568,1
569,5
570,3
571,8
572,6
573,4
574,3
575,2
576,2
577,5
578,8
579,2
580,1
581,1
582,1
583,1
584,1
585,10
586,3
587,10
588,4
589,8
590,8
591,1
592,7
593,10
594,10
595,6
596,9
597,9
598,8
599,9
600,9
601,1
602,10
603,10
604,3
605,5
606,3
607,4
608,10
609,2
610,10
611,2
612,6
613,2
614,5
615,3
616,5
617,9
618,5
619,3
620,1
621,7
622,1
623,5
624,10
625,9
626,7
627,9
628,7
629,1
630,10
631,4
632,6
633,2
634,2
635,7
636,8
637,9
638,1
639,7
640,4
641,9
642,7
643,3
644,8
645,10
646,9
647,8
648,4
649,1
650,2
651,3
652,4
653,9
654,10
655,10
656,6
657,4
658,10
659,10
660,10
661,3
662,6
663,1
664,1
665,9
666,5
667,10
668,4
669,5
670,2
671,10
672,8
673,7
674,7
675,7
676,1
677,6
678,2
679,3
680,3
681,3
682,4
683,5
684,5
685,2
686,6
687,5
688,7
689,3
690,8
691,8
692,9
693,1
694,10
695,1
696,1
697,2
698,2
699,6
700,9
701,1
702,9
703,6
704,5
705,1
706,8
707,7
708,10
709,7
710,10
711,2
712,1
713,3
714,2
715,7
716,8
717,2
718,6
719,8
720,5
721,6
722,8
723,2
724,10
725,10
726,8
727,6
728,7
729,2
730,5
731,2
732,9
733,6
734,7
735,1
736,5
737,3
738,10
739,9
740,7
741,8
742,10
743,6
744,10
745,7
746,10
747,10
748,6
749,9
750,6
751,8
752,3
753,5
754,1
755,8
756,10
757,7
758,10
759,2
760,1
761,4
762,1
763,4
764,2
765,4
766,1
767,6
768,6
769,6
770,6
771,1
772,6
773,9
774,6
775,4
776,7
777,2
778,1
779,7
780,5
781,7
782,6
783,9
784,9
785,5
786,4
787,2
788,5
789,7
790,2
791,2
792,6
793,8
794,4
795,6
796,1
797,3
798,7
799,1
800,3
801,6
802,8
803,3
804,2
805,6
806,2
807,7
808,7
809,8
810,2
811,6
812,8
813,6
814,2
815,1
816,4
817,4
818,7
819,8
820,6
821,6
822,5
823,5
824,3
825,8
826,1
827,7
828,8
829,1
830,9
831,6
832,7
833,10
834,8
835,6
836,2
837,3
838,10
839,2
840,7
841,5
842,10
843,10
844,7
845,10
846,3
847,3
848,4
849,4
850,8
851,4
852,2
853,5
854,3
855,1
856,6
857,8
858,4
859,10
860,8
861,8
862,7
863,3
864,1
865,1
866,2
867,5
868,3
869,1
870,4
871,7
872,5
873,4
874,6
875,6
876,7
877,5
878,8
879,6
880,9
881,6
882,10
883,1
884,1
885,6
886,2
887,6
888,9
889,2
890,4
891,1
892,5
893,6
894,7
895,10
896,8
897,7
898,9
899,2
900,10
901,8
902,1
903,3
904,2
905,1
906,9
907,8
908,4
909,7
910,8
911,1
912,7
913,10
914,9
915,7
916,6
917,5
918,3
919,6
920,9
921,2
922,2
923,8
924,8
925,7
926,3
927,1
928,5
929,1
930,2
931,4
932,5
933,8
934,2
935,1
936,9
937,4
938,4
939,9
940,8
941,2
942,9
943,7
944,5
945,10
946,4
947,1
948,4
949,9
950,6
951,9
952,7
953,8
954,8
955,5
956,1
957,9
958,7
959,9
960,2
961,7
962,7
963,2
964,9
965,2
966,1
967,3
968,2
969,4
970,7
971,4
972,1
973,10
974,9
975,2
976,6
977,8
978,2
979,7
980,10
981,4
982,5
983,3
984,8
985,6
986,7
987,4
988,4
989,9
990,2
991,4
992,8
993,1
994,1
995,3
996,7
997,6
998,4
999,8
1000,2
1001,9
1002,3
1003,7
1004,9
1005,8
1006,10
1007,10
1008,3
1009,10
1010,5
1011,6
1012,7
1013,2
1014,4
1015,2
1016,8
1017,8
1018,6
1019,3
1020,4
1021,10
1022,2
1023,9
1024,9
1025,3
1026,9
1027,9
1028,3
1029,6
1030,9
1031,3
1032,1
1033,7
1034,10
1035,10
1036,10
1037,9
1038,5
1039,6
1040,10
1041,9
1042,8
1043,9
1044,1
1045,10
1046,5
1047,3
1048,9
1049,5
1050,8
1051,2
1052,5
1053,8
1054,4
1055,7
1056,10
1057,7
1058,3
1059,3
1060,9
1061,3
1062,2
1063,2
1064,6
1065,7
1066,7
1067,9
1068,10
1069,5
1070,9
1071,7
1072,9
1073,6
1074,9
1075,6
1076,4
1077,2
1078,7
1079,4
1080,8
1081,2
1082,1
1083,10
1084,1
1085,1
1086,1
1087,2
1088,2
1089,7
1090,3
1091,10
1092,4
1093,9
1094,10
1095,5
1096,6
1097,4
1098,7
1099,5
1100,8
1101,10
1102,9
1103,7
1104,10
1105,3
1106,1
1107,10
1108,2
1109,3
1110,5
1111,2
1112,4
1113,6
1114,8
1115,9
1116,9
1117,5
1118,10
1119,7
1120,1
1121,6
1122,2
1123,1
1124,5
1125,3
1126,3
1127,6
1128,5
1129,9
1130,6
1131,2
1132,7
1133,10
1134,8
1135,4
1136,9
1137,1
1138,10
1139,8
1140,1
1141,3
1142,9
1143,8
1144,8
1145,1
1146,9
1147,3
1148,10
1149,2
1150,10
1151,8
1152,1
1153,10
1154,2
1155,9
1156,5
1157,4
1158,6
1159,9
1160,2
1161,7
1162,7
1163,8
1164,1
1165,6
1166,6
1167,3
1168,7
1169,5
1170,8
1171,10
1172,4
1173,9
1174,10
1175,6
1176,10
1177,3
1178,4
1179,1
1180,9
1181,5
1182,2
1183,9
1184,5
1185,9
1186,10
1187,8
1188,7
1189,7
1190,8
1191,4
1192,6
1193,1
1194,3
1195,8
1196,5
1197,3
1198,8
1199,9
1200,8
1201,3
1202,10
1203,1
1204,2
1205,2
1206,8
1207,10
1208,7
1209,10
1210,5
1211,6
1212,2
1213,8
1214,6
1215,5
1216,6
1217,5
1218,1
1219,2
1220,6
1221,4
1222,1
1223,2
1224,9
1225,2
1226,5
1227,8
1228,1
1229,2
1230,4
1231,9
1232,9
1233,9
1234,2
1235,2
1236,3
1237,2
1238,3
1239,1
1240,4
1241,10
1242,2
1243,6
1244,4
1245,1
1246,7
1247,9
1248,8
1249,8
1250,4
1251,10
1252,5
1253,9
1254,10
1255,2
1256,7
1257,10
1258,6
1259,7
1260,2
1261,4
1262,10
1263,2
1264,10
1265,8
1266,2
1267,9
1268,2
1269,6
1270,3
1271,10
1272,8
1273,9
1274,7
1275,9
1276,3
1277,6
1278,9
1279,2
1280,5
1281,10
1282,9
1283,9
1284,3
1285,9
1286,1
1287,1
1288,2
1289,8
1290,3
1291,10
1292,4
1293,2
1294,5
1295,3
1296,6
1297,4
1298,7
1299,3
1300,8
1301,2
1302,9
1303,5
1304,8
1305,8
1306,1
1307,1
1308,2
1309,2
1310,3
1311,6
1312,9
1313,5
1314,5
1315,10
1316,6
1317,8
1318,7
1319,1
1320,8
1321,3
1322,9
1323,9
1324,1
1325,8
1326,2
1327,1
1328,9
1329,3
1330,4
1331,10
1332,5
1333,7
1334,6
1335,2
1336,7
1337,4
1338,8
1339,5
1340,9
1341,9
1342,10
1343,10
1344,8
1345,4
1346,2
1347,6
1348,6
1349,2
1350,7
1351,10
1352,3
1353,1
1354,10
1355,6
1356,1
1357,6
1358,6
1359,6
1360,5
1361,10
1362,3
1363,2
1364,1
1365,6
1366,9
1367,4
1368,2
1369,2
1370,8
1371,4
1372,2
1373,4
1374,9
1375,6
1376,4
1377,9
1378,9
1379,7
1380,5
1381,6
1382,2
1383,9
1384,8
1385,6
1386,2
1387,4
1388,5
1389,10
1390,5
1391,3
1392,5
1393,2
1394,6
1395,8
1396,8
1397,1
1398,5
1399,9
1400,5
1401,6
1402,8
1403,1
1404,3
1405,3
1406,6
1407,6
1408,4
1409,4
1410,10
1411,7
1412,4
1413,1
1414,10
1415,4
1416,1
1417,9
1418,9
1419,2
1420,8
1421,8
1422,10
1423,10
1424,1
1425,6
1426,7
1427,6
1428,4
1429,1
1430,1
1431,1
1432,5
1433,9
1434,7
1435,5
1436,4
1437,7
1438,8
1439,5
1440,1
1441,9
1442,2
1443,6
1444,5
1445,9
1446,9
1447,6
1448,2
1449,5
1450,3
1451,5
1452,10
1453,7
1454,4
1455,8
1456,2
1457,4
1458,9
1459,2
1460,5
1461,1
1462,3
1463,4
1464,10
1465,5
1466,9
1467,5
1468,10
1469,2
1470,7
1471,10
1472,6
1473,9
1474,3
1475,1
1476,2
1477,10
1478,10
1479,9
1480,3
1481,10
1482,10
1483,3
1484,2
1485,1
1486,1
1487,4
1488,6
1489,7
1490,9
1491,6
1492,4
1493,4
1494,7
1495,6
1496,2
1497,8
1498,3
1499,1
1500,6
1501,9
1502,1
1503,4
1504,4
1505,4
1506,8
1507,7
1508,7
1509,2
1510,2
1511,9
1512,6
1513,4
1514,6
1515,8
1516,10
1517,1
1518,9
1519,1
1520,1
1521,1
1522,10
1523,10
1524,1
1525,8
1526,2
1527,5
1528,3
1529,8
1530,4
1531,4
1532,5
1533,3
1534,6
1535,3
1536,7
1537,2
1538,8
1539,7
1540,9
1541,1
1542,10
1543,5
1544,1
1545,3
1546,2
1547,2
1548,3
1549,8
1550,7
1551,7
1552,5
1553,9
1554,6
1555,9
1556,7
1557,4
1558,8
1559,10
1560,9
1561,6
1562,10
1563,2
1564,1
1565,4
1566,2
1567,5
1568,3
1569,10
1570,4
1571,10
1572,5
1573,7
1574,6
1575,6
1576,7
1577,3
1578,8
1579,5
1580,9
1581,10
1582,10
1583,6
1584,7
1585,4
1586,1
1587,6
1588,4
1589,10
1590,5
1591,6
1592,2
1593,10
1594,5
1595,8
1596,1
1597,8
1598,9
1599,1
1600,7
1601,5
1602,5
1603,10
1604,6
1605,7
1606,5
1607,1
1608,1
1609,2
1610,8
1611,2
1612,9
1613,5
1614,8
1615,2
1616,8
1617,7
1618,10
1619,1
1620,1
1621,4
1622,9
1623,10
1624,9
1625,9
1626,5
1627,4
1628,7
1629,4
1630,6
1631,8
1632,9
1633,7
1634,7
1635,1
1636,10
1637,2
1638,9
1639,3
1640,9
1641,1
1642,8
1643,1
1644,2
1645,4
1646,9
1647,6
1648,7
1649,7
1650,4
1651,3
1652,2
1653,5
1654,7
1655,3
1656,6
1657,2
1658,9
1659,2
1660,9
1661,2
1662,8
1663,3
1664,4
1665,3
1666,2
1667,7
1668,7
1669,7
1670,9
1671,2
1672,6
1673,8
1674,10
1675,2
1676,3
1677,7
1678,9
1679,9
1680,1
1681,5
1682,10
1683,4
1684,3
1685,7
1686,5
1687,2
1688,8
1689,4
1690,9
1691,8
1692,2
1693,10
1694,4
1695,2
1696,7
1697,8
1698,3
1699,6
1700,2
1701,8
1702,3
1703,10
1704,7
1705,10
1706,1
1707,10
1708,3
1709,4
1710,3
1711,8
1712,8
1713,8
1714,2
1715,2
1716,4
1717,9
1718,8
1719,2
1720,5
1721,2
1722,8
1723,2
1724,5
1725,9
1726,9
1727,7
1728,10
1729,7
1730,3
1731,9
1732,10
1733,4
1734,6
1735,10
1736,2
1737,7
1738,6
1739,5
1740,7
1741,10
1742,9
1743,2
1744,4
1745,3
1746,6
1747,7
1748,7
1749,9
1750,1
1751,9
1752,10
1753,9
1754,10
1755,3
1756,3
1757,8
1758,2
1759,1
1760,2
1761,3
1762,1
1763,9
1764,1
1765,4
1766,5
1767,5
1768,6
1769,7
1770,7
1771,10
1772,8
1773,3
1774,9
1775,4
1776,10
1777,10
1778,1
1779,10
1780,2
1781,7
1782,9
1783,7
1784,9
1785,10
1786,9
1787,7
1788,1
1789,7
1790,2
1791,9
1792,3
1793,7
1794,4
1795,3
1796,8
1797,7
1798,6
1799,9
1800,10
1801,8
1802,10
1803,5
1804,1
1805,10
1806,2
1807,10
1808,5
1809,10
1810,2
1811,3
1812,4
1813,3
1814,3
1815,10
1816,10
1817,10
1818,1
1819,5
1820,6
1821,9
1822,7
1823,7
1824,8
1825,9
1826,4
1827,9
1828,10
1829,9
1830,10
1831,7
1832,4
1833,6
1834,9
1835,3
1836,2
1837,4
1838,3
1839,2
1840,10
1841,8
1842,7
1843,8
1844,8
1845,6
1846,6
1847,10
1848,7
1849,8
1850,9
1851,5
1852,10
1853,9
1854,10
1855,5
1856,2
1857,10
1858,9
1859,3
1860,10
1861,9
1862,4
1863,6
1864,5
1865,9
1866,5
1867,1
1868,4
1869,1
1870,2
1871,9
1872,8
1873,2
1874,4
1875,5
1876,5
1877,2
1878,10
1879,10
1880,7
1881,9
1882,10
1883,5
1884,9
1885,10
1886,2
1887,5
1888,2
1889,1
1890,7
1891,7
1892,7
1893,4
1894,9
1895,3
1896,5
1897,7
1898,9
1899,7
1900,5
1901,4
1902,9
1903,9
1904,1
1905,2
1906,1
1907,2
1908,2
1909,6
1910,3
1911,6
1912,4
1913,5
1914,5
1915,2
1916,8
1917,3
1918,9
1919,10
1920,10
1921,9
1922,1
1923,1
1924,2
1925,4
1926,3
1927,6
1928,4
1929,1
1930,10
1931,2
1932,6
1933,2
1934,7
1935,10
1936,8
1937,7
1938,9
1939,2
1940,10
1941,6
1942,1
1943,5
1944,2
1945,2
1946,4
1947,2
1948,5
1949,9
1950,8
1951,2
1952,10
1953,9
1954,10
1955,4
1956,9
1957,6
1958,7
1959,3
1960,7
1961,2
1962,1
1963,8
1964,7
1965,3
1966,9
1967,8
1968,10
1969,10
1970,2
1971,8
1972,2
1973,9
1974,10
1975,9
1976,1
1977,7
1978,5
1979,8
1980,9
1981,4
1982,10
1983,5
1984,2
1985,8
1986,5
1987,5
1988,1
1989,2
1990,1
1991,8
1992,2
1993,10
1994,6
1995,9
1996,9
1997,5
1998,1
1999,7
2000,8
2001,9
2002,7
2003,10
2004,1
2005,7
2006,2
2007,6
2008,8
2009,7
2010,1
2011,10
2012,7
2013,2
2014,9
2015,7
2016,5
2017,6
2018,8
2019,5
2020,8
2021,5
2022,9
2023,2
2024,7
2025,6
2026,9
2027,9
2028,9
2029,2
2030,2
2031,2
2032,8
2033,2
2034,8
2035,7
2036,2
2037,9
2038,4
2039,4
2040,6
2041,4
2042,9
2043,2
2044,2
2045,8
2046,5
2047,3
2048,3
2049,1
2050,1
2051,1
2052,1
2053,3
2054,8
2055,8
2056,3
2057,9
2058,10
2059,2
2060,7
2061,9
2062,10
2063,4
2064,4
2065,1
2066,9
2067,7
2068,5
2069,8
2070,8
2071,3
2072,3
2073,2
2074,6
2075,5
2076,7
2077,5
2078,4
2079,3
2080,7
2081,3
2082,10
2083,3
2084,7
2085,9
2086,9
2087,10
2088,3
2089,4
2090,3
2091,2
2092,2
2093,10
2094,7
2095,6
2096,1
2097,9
2098,6
2099,7
2100,6
2101,4
2102,2
2103,5
2104,4
2105,4
2106,9
2107,1
2108,10
2109,1
2110,8
2111,3
2112,9
2113,7
2114,8
2115,8
2116,3
2117,4
2118,8
2119,6
2120,10
2121,10
2122,9
2123,1
2124,3
2125,1
2126,2
2127,7
2128,4
2129,9
2130,9
2131,2
2132,4
2133,5
2134,1
2135,1
2136,2
2137,8
2138,3
2139,6
2140,4
2141,8
2142,5
2143,10
2144,8
2145,8
2146,9
2147,4
2148,10
2149,4
2150,1
2151,7
2152,2
2153,10
2154,3
2155,4
2156,4
2157,6
2158,5
2159,5
2160,7
2161,9
2162,7
2163,9
2164,8
2165,7
2166,9
2167,10
2168,10
2169,7
2170,1
2171,9
2172,2
2173,6
2174,3
2175,1
2176,4
2177,7
2178,8
2179,9
2180,9
2181,2
2182,10
2183,5
2184,8
2185,2
2186,8
2187,10
2188,1
2189,10
2190,4
2191,8
2192,2
2193,4
2194,9
2195,9
2196,10
2197,9
2198,9
2199,5
2200,7
2201,1
2202,6
2203,3
2204,10
2205,3
2206,8
2207,9
2208,4
2209,4
2210,2
2211,10
2212,10
2213,3
2214,2
2215,1
2216,5
2217,3
2218,6
2219,5
2220,6
2221,9
2222,7
2223,9
2224,1
2225,6
2226,2
2227,8
2228,4
2229,8
2230,7
2231,9
2232,5
2233,2
2234,9
2235,10
2236,10
2237,1
2238,7
2239,5
2240,7
2241,2
2242,10
2243,9
2244,2
2245,3
2246,1
2247,3
2248,6
2249,8
2250,7
2251,5
2252,7
2253,7
2254,4
2255,2
2256,4
2257,5
2258,4
2259,4
2260,2
2261,2
2262,8
2263,2
2264,10
2265,6
2266,5
2267,3
2268,8
2269,5
2270,3
2271,9
2272,4
2273,3
2274,7
2275,4
2276,9
2277,5
2278,6
2279,8
2280,2
2281,4
2282,5
2283,8
2284,10
2285,7
2286,1
2287,2
2288,1
2289,4
2290,9
2291,9
2292,7
2293,2
2294,6
2295,6
2296,4
2297,8
2298,10
2299,6
2300,5
2301,5
2302,4
2303,7
2304,8
2305,1
2306,2
2307,8
2308,8
2309,9
2310,7
2311,10
2312,10
2313,6
2314,5
2315,1
2316,3
2317,8
2318,10
2319,4
2320,10
2321,4
2322,5
2323,1
2324,10
2325,4
2326,5
2327,7
2328,1
2329,9
2330,8
2331,4
2332,2
2333,7
2334,4
2335,1
2336,1
2337,3
2338,2
2339,6
2340,9
2341,8
2342,4
2343,10
2344,8
2345,7
2346,9
2347,10
2348,10
2349,9
2350,1
2351,8
2352,2
2353,4
2354,9
2355,4
2356,4
2357,9
2358,5
2359,9
2360,8
2361,1
2362,9
2363,10
2364,10
2365,9
2366,1
2367,6
2368,2
2369,8
2370,10
2371,8
2372,4
2373,3
2374,8
2375,3
2376,7
2377,1
2378,10
2379,2
2380,1
2381,10
2382,1
2383,5
2384,8
2385,10
2386,6
2387,4
2388,6
2389,8
2390,4
2391,5
2392,8
2393,6
2394,9
2395,2
2396,7
2397,7
2398,7
2399,10
2400,5
2401,4
2402,1
2403,2
2404,4
2405,3
2406,7
2407,4
2408,9
2409,7
2410,8
2411,10
2412,1
2413,5
2414,2
2415,6
2416,5
2417,7
2418,5
2419,2
2420,8
2421,9
2422,4
2423,2
2424,2
2425,5
2426,2
2427,7
2428,10
2429,5
2430,2
2431,2
2432,3
2433,3
2434,2
2435,10
2436,4
2437,6
2438,10
2439,2
2440,3
2441,8
2442,8
2443,4
2444,8
2445,5
2446,10
2447,6
2448,10
2449,4
2450,1
2451,4
2452,5
2453,1
2454,6
2455,1
2456,10
2457,9
2458,6
2459,1
2460,2
2461,9
2462,6
2463,1
2464,10
2465,3
2466,2
2467,1
2468,4
2469,6
2470,5
2471,4
2472,4
2473,2
2474,2
2475,5
2476,10
2477,1
2478,2
2479,7
2480,1
2481,9
2482,8
2483,3
2484,8
2485,7
2486,1
2487,8
2488,2
2489,2
2490,9
2491,8
2492,3
2493,5
2494,5
2495,4
2496,6
2497,4
2498,8
2499,5
2500,5
2501,3
2502,8
2503,6
2504,6
2505,6
2506,2
2507,9
2508,3
2509,1
2510,4
2511,7
2512,5
2513,9
2514,8
2515,6
2516,9
2517,3
2518,8
2519,6
2520,1
2521,3
2522,3
2523,6
2524,5
2525,7
2526,8
2527,4
2528,7
2529,7
2530,10
2531,9
2532,10
2533,8
2534,8
2535,1
2536,1
2537,10
2538,10
2539,2
2540,1
2541,7
2542,2
2543,5
2544,6
2545,6
2546,9
2547,7
2548,6
2549,3
2550,1
2551,9
2552,8
2553,5
2554,3
2555,2
2556,3
2557,7
2558,8
2559,6
2560,5
2561,2
2562,5
2563,10
2564,7
2565,9
2566,5
2567,3
2568,6
2569,5
2570,3
2571,10
2572,10
2573,6
2574,5
2575,4
2576,4
2577,5
2578,5
2579,6
2580,3
2581,9
2582,1
2583,4
2584,6
2585,6
2586,1
2587,2
2588,2
2589,4
2590,7
2591,5
2592,10
2593,10
2594,3
2595,2
2596,3
2597,9
2598,10
2599,6
2600,2
2601,3
2602,7
2603,4
2604,1
2605,5
2606,2
2607,1
2608,2
2609,6
2610,5
2611,6
2612,1
2613,10
2614,5
2615,9
2616,8
2617,6
2618,8
2619,2
2620,7
2621,1
2622,4
2623,10
2624,7
2625,4
2626,1
2627,7
2628,2
2629,9
2630,4
2631,8
2632,6
2633,4
2634,5
2635,4
2636,3
2637,7
2638,2
2639,2
2640,2
2641,7
2642,6
2643,6
2644,4
2645,10
2646,6
2647,9
2648,1
2649,1
2650,8
2651,2
2652,6
2653,7
2654,3
2655,10
2656,1
2657,10
2658,1
2659,9
2660,9
2661,3
2662,2
2663,2
2664,10
2665,2
2666,6
2667,10
2668,5
2669,9
2670,2
2671,7
2672,10
2673,9
2674,3
2675,10
2676,9
2677,4
2678,3
2679,5
2680,10
2681,6
2682,9
2683,5
2684,8
2685,3
2686,2
2687,7
2688,8
2689,3
2690,10
2691,5
2692,3
2693,10
2694,1
2695,5
2696,2
2697,8
2698,9
2699,9
2700,4
2701,9
2702,5
2703,10
2704,9
2705,2
2706,9
2707,9
2708,10
2709,10
2710,1
2711,4
2712,2
2713,4
2714,3
2715,3
2716,4
2717,6
2718,5
2719,8
2720,8
2721,8
2722,9
2723,6
2724,10
2725,8
2726,1
2727,1
2728,2
2729,5
2730,3
2731,5
2732,4
2733,6
2734,5
2735,4
2736,8
2737,5
2738,10
2739,1
2740,6
2741,5
2742,1
2743,7
2744,9
2745,5
2746,4
2747,5
2748,6
2749,2
2750,5
2751,2
2752,9
2753,4
2754,4
2755,4
2756,1
2757,10
2758,3
2759,10
2760,2
2761,9
2762,1
2763,8
2764,2
2765,7
2766,9
2767,4
2768,5
2769,9
2770,5
2771,1
2772,2
2773,2
2774,7
2775,5
2776,2
2777,8
2778,4
2779,4
2780,1
2781,6
2782,4
2783,2
2784,7
2785,4
2786,10
2787,3
2788,4
2789,7
2790,8
2791,4
2792,5
2793,10
2794,10
2795,6
2796,8
2797,7
2798,1
2799,8
2800,10
2801,8
2802,6
2803,2
2804,9
2805,9
2806,3
2807,2
2808,8
2809,4
2810,8
2811,9
2812,6
2813,2
2814,8
2815,7
2816,2
2817,8
2818,1
2819,9
2820,6
2821,4
2822,3
2823,10
2824,5
2825,10
2826,9
2827,10
2828,10
2829,1
2830,7
2831,8
2832,10
2833,4
2834,8
2835,2
2836,7
2837,3
2838,5
2839,1
2840,2
2841,3
2842,3
2843,5
2844,7
2845,10
2846,2
2847,2
2848,2
2849,10
2850,5
2851,5
2852,3
2853,7
2854,4
2855,2
2856,7
2857,2
2858,5
2859,7
2860,9
2861,10
2862,10
2863,5
2864,7
2865,5
2866,5
2867,8
2868,7
2869,10
2870,6
2871,5
2872,1
2873,2
2874,9
2875,6
2876,2
2877,5
2878,1
2879,9
2880,6
2881,3
2882,1
2883,8
2884,2
2885,3
2886,2
2887,6
2888,8
2889,2
2890,9
2891,9
2892,5
2893,3
2894,4
2895,9
2896,8
2897,10
2898,8
2899,5
2900,10
2901,2
2902,4
2903,10
2904,10
2905,4
2906,1
2907,10
2908,2
2909,6
2910,3
2911,7
2912,4
2913,3
2914,5
2915,6
2916,6
2917,10
2918,8
2919,5
2920,9
2921,6
2922,10
2923,5
2924,1
2925,9
2926,2
2927,10
2928,3
2929,2
2930,4
2931,1
2932,10
2933,1
2934,7
2935,9
2936,8
2937,10
2938,9
2939,2
2940,10
2941,6
2942,1
2943,2
2944,2
2945,5
2946,9
2947,8
2948,4
2949,9
2950,5
2951,9
2952,6
2953,9
2954,7
2955,5
2956,8
2957,1
2958,9
2959,9
2960,10
2961,2
2962,5
2963,8
2964,8
2965,2
2966,2
2967,9
2968,4
2969,1
2970,8
2971,5
2972,6
2973,10
2974,3
2975,8
2976,9
2977,5
2978,1
2979,10
2980,8
2981,7
2982,10
2983,7
2984,10
2985,2
2986,7
2987,2
2988,1
2989,3
2990,10
2991,9
2992,5
2993,3
2994,4
2995,10
2996,3
2997,7
2998,4
2999,7
3000,9
3001,10
3002,4
3003,8
3004,1
3005,4
3006,6
3007,8
3008,8
3009,5
3010,10
3011,3
3012,5
3013,9
3014,2
3015,6
3016,10
3017,2
3018,3
3019,6
3020,2
3021,8
3022,8
3023,1
3024,7
3025,10
3026,8
3027,5
3028,10
3029,1
3030,1
3031,4
3032,5
3033,7
3034,7
3035,7
3036,2
3037,3
3038,8
3039,3
3040,4
3041,3
3042,9
3043,1
3044,10
3045,4
3046,7
3047,8
3048,9
3049,8
3050,4
3051,2
3052,10
3053,7
3054,2
3055,5
3056,1
3057,8
3058,8
3059,7
3060,4
3061,10
3062,4
3063,5
3064,7
3065,1
3066,3
3067,8
3068,6
3069,7
3070,4
3071,2
3072,5
3073,2
3074,1
3075,2
3076,2
3077,7
3078,3
3079,9
3080,4
3081,6
3082,5
3083,10
3084,6
3085,3
3086,7
3087,8
3088,8
3089,5
3090,9
3091,6
3092,10
3093,5
3094,1
3095,7
3096,2
3097,1
3098,3
3099,5
3100,4
3101,8
3102,5
3103,9
3104,6
3105,9
3106,7
3107,10
3108,8
3109,4
3110,9
3111,8
3112,10
3113,1
3114,1
3115,9
3116,2
3117,2
3118,3
3119,10
3120,4
3121,9
3122,5
3123,8
3124,6
3125,1
3126,7
3127,9
3128,8
3129,7
3130,9
3131,7
3132,10
3133,1
3134,5
3135,7
3136,3
3137,5
3138,1
3139,10
3140,3
3141,7
3142,6
3143,8
3144,10
3145,7
3146,5
3147,8
3148,3
3149,2
3150,7
3151,9
3152,6
3153,8
3154,10
3155,7
3156,4
3157,9
3158,6
3159,3
3160,1
3161,8
3162,8
3163,6
3164,2
3165,3
3166,2
3167,4
3168,6
3169,7
3170,4
3171,8
3172,1
3173,6
3174,8
3175,2
3176,10
3177,2
3178,7
3179,1
3180,2
3181,5
3182,7
3183,2
3184,8
3185,5
3186,5
3187,6
3188,10
3189,2
3190,6
3191,5
3192,8
3193,3
3194,10
3195,7
3196,9
3197,2
3198,6
3199,3
3200,7
3201,5
3202,3
3203,5
3204,5
3205,8
3206,9
3207,3
3208,2
3209,1
3210,6
3211,3
3212,10
3213,1
3214,3
3215,9
3216,3
3217,3
3218,9
3219,4
3220,1
3221,7
3222,7
3223,1
3224,5
3225,3
3226,4
3227,2
3228,9
3229,10
3230,2
3231,3
3232,3
3233,1
3234,5
3235,6
3236,2
3237,3
3238,6
3239,7
3240,9
3241,6
3242,2
3243,9
3244,4
3245,10
3246,5
3247,5
3248,1
3249,6
3250,4
3251,6
3252,10
3253,4
3254,1
3255,6
3256,3
3257,2
3258,8
3259,2
3260,2
3261,3
3262,2
3263,7
3264,1
3265,3
3266,8
3267,2
3268,7
3269,4
3270,8
3271,2
3272,7
3273,9
3274,1
3275,4
3276,7
3277,6
3278,10
3279,1
3280,5
3281,4
3282,9
3283,2
3284,5
3285,1
3286,4
3287,2
3288,4
3289,4
3290,8
3291,8
3292,9
3293,7
3294,7
3295,5
3296,1
3297,10
3298,10
3299,6
3300,4
3301,3
3302,1
3303,7
3304,7
3305,2
3306,9
3307,5
3308,4
3309,6
3310,8
3311,9
3312,9
3313,7
3314,6
3315,2
3316,8
3317,2
3318,9
3319,3
3320,1
3321,8
3322,2
3323,4
3324,3
3325,9
3326,4
3327,6
3328,5
3329,7
3330,6
3331,7
3332,7
3333,5
3334,8
3335,9
3336,9
3337,7
3338,1
3339,9
3340,2
3341,6
3342,3
3343,10
3344,4
3345,7
3346,9
3347,8
3348,6
3349,10
3350,7
3351,10
3352,8
3353,2
3354,9
3355,7
3356,10
3357,3
3358,1
3359,8
3360,2
3361,2
3362,3
3363,5
3364,4
3365,6
3366,5
3367,6
3368,8
3369,9
3370,9
3371,3
3372,1
3373,2
3374,9
3375,10
3376,4
3377,7
3378,10
3379,9
3380,6
3381,4
3382,7
3383,10
3384,9
3385,2
3386,5
3387,3
3388,10
3389,7
3390,2
3391,4
3392,8
3393,8
3394,2
3395,3
3396,3
3397,9
3398,4
3399,10
3400,6
3401,2
3402,10
3403,8
3404,7
3405,6
3406,5
3407,3
3408,2
3409,8
3410,2
3411,8
3412,2
3413,1
3414,1
3415,6
3416,10
3417,4
3418,6
3419,3
3420,7
3421,5
3422,2
3423,7
3424,9
3425,1
3426,1
3427,4
3428,8
3429,7
3430,8
3431,7
3432,6
3433,7
3434,9
3435,9
3436,10
3437,10
3438,10
3439,5
3440,9
3441,6
3442,10
3443,2
3444,1
3445,2
3446,5
3447,6
3448,7
3449,10
3450,8
3451,9
3452,2
3453,2
3454,4
3455,3
3456,5
3457,6
3458,6
3459,10
3460,7
3461,3
3462,1
3463,1
3464,4
3465,1
3466,7
3467,9
3468,9
3469,2
3470,8
3471,6
3472,1
3473,8
3474,5
3475,2
3476,10
3477,6
3478,4
3479,9
3480,8
3481,9
3482,3
3483,2
3484,5
3485,5
3486,4
3487,1
3488,2
3489,2
3490,1
3491,5
3492,7
3493,2
3494,2
3495,8
3496,6
3497,10
3498,2
3499,8
3500,3
3501,10
3502,9
3503,8
3504,4
3505,5
3506,1
3507,10
3508,1
3509,6
3510,1
3511,10
3512,6
3513,5
3514,8
3515,6
3516,1
3517,2
3518,7
3519,6
3520,9
3521,7
3522,9
3523,4
3524,9
3525,2
3526,7
3527,3
3528,4
3529,4
3530,9
3531,7
3532,10
3533,8
3534,9
3535,8
3536,3
3537,7
3538,8
3539,1
3540,8
3541,2
3542,2
3543,6
3544,1
3545,3
3546,2
3547,2
3548,3
3549,7
3550,4
3551,6
3552,5
3553,10
3554,6
3555,10
3556,7
3557,9
3558,8
3559,10
3560,9
3561,5
3562,10
3563,10
3564,1
3565,3
3566,2
3567,3
3568,3
3569,2
3570,4
3571,5
3572,5
3573,1
3574,6
3575,9
3576,7
3577,7
3578,9
3579,5
3580,10
3581,10
3582,1
3583,5
3584,2
3585,4
3586,5
3587,1
3588,4
3589,4
3590,5
3591,1
3592,6
3593,5
3594,7
3595,6
3596,9
3597,5
3598,8
3599,3
3600,1
3601,6
3602,5
3603,10
3604,1
3605,5
3606,7
3607,1
3608,5
3609,7
3610,8
3611,10
3612,7
3613,4
3614,3
3615,9
3616,4
3617,8
3618,5
3619,9
3620,9
3621,3
3622,8
3623,3
3624,9
3625,10
3626,7
3627,4
3628,6
3629,10
3630,9
3631,4
3632,1
3633,3
3634,3
3635,3
3636,9
3637,5
3638,5
3639,5
3640,6
3641,2
3642,1
3643,9
3644,1
3645,9
3646,1
3647,4
3648,2
3649,8
3650,2
3651,1
3652,3
3653,7
3654,10
3655,7
3656,7
3657,2
3658,9
3659,1
3660,2
3661,9
3662,3
3663,5
3664,2
3665,2
3666,1
3667,10
3668,7
3669,10
3670,10
3671,1
3672,8
3673,7
3674,6
3675,9
3676,4
3677,6
3678,10
3679,7
3680,9
3681,10
3682,8
3683,8
3684,2
3685,2
3686,9
3687,10
3688,7
3689,10
3690,9
3691,9
3692,8
3693,2
3694,9
3695,10
3696,2
3697,6
3698,10
3699,10
3700,6
3701,10
3702,6
3703,7
3704,1
3705,7
3706,2
3707,8
3708,2
3709,5
3710,10
3711,9
3712,9
3713,1
3714,3
3715,9
3716,1
3717,10
3718,5
3719,1
3720,6
3721,8
3722,7
3723,10
3724,6
3725,5
3726,1
3727,8
3728,4
3729,4
3730,8
3731,5
3732,10
3733,7
3734,10
3735,8
3736,4
3737,8
3738,1
3739,10
3740,3
3741,9
3742,2
3743,4
3744,1
3745,10
3746,5
3747,10
3748,10
3749,3
3750,6
3751,1
3752,5
3753,4
3754,8
3755,8
3756,10
3757,10
3758,8
3759,2
3760,1
3761,2
3762,2
3763,9
3764,3
3765,8
3766,4
3767,4
3768,5
3769,2
3770,6
3771,4
3772,7
3773,7
3774,8
3775,9
3776,9
3777,3
3778,10
3779,6
3780,1
3781,3
3782,2
3783,6
3784,3
3785,8
3786,4
3787,10
3788,5
3789,6
3790,6
3791,2
3792,7
3793,2
3794,8
3795,1
3796,9
3797,4
3798,10
3799,9
3800,1
3801,2
3802,2
3803,4
3804,3
3805,3
3806,4
3807,2
3808,5
3809,6
3810,8
3811,8
3812,9
3813,4
3814,10
3815,4
3816,3
3817,8
3818,9
3819,8
3820,8
3821,10
3822,7
3823,6
3824,5
3825,8
3826,8
3827,4
3828,4
3829,10
3830,6
3831,2
3832,5
3833,1
3834,2
3835,8
3836,9
3837,1
3838,1
3839,7
3840,6
3841,9
3842,3
3843,10
3844,8
3845,8
3846,3
3847,5
3848,4
3849,7
3850,7
3851,3
3852,3
3853,2
3854,2
3855,5
3856,8
3857,9
3858,8
3859,1
3860,10
3861,10
3862,10
3863,4
3864,2
3865,3
3866,3
3867,5
3868,5
3869,1
3870,9
3871,2
3872,8
3873,3
3874,8
3875,10
3876,6
3877,8
3878,5
3879,1
3880,6
3881,2
3882,1
3883,6
3884,10
3885,9
3886,10
3887,2
3888,9
3889,5
3890,1
3891,9
3892,3
3893,1
3894,1
3895,8
3896,4
3897,1
3898,6
3899,5
3900,2
3901,10
3902,9
3903,9
3904,7
3905,7
3906,5
3907,2
3908,7
3909,10
3910,1
3911,8
3912,7
3913,2
3914,5
3915,1
3916,4
3917,10
3918,8
3919,2
3920,4
3921,4
3922,1
3923,3
3924,1
3925,4
3926,6
3927,1
3928,3
3929,10
3930,6
3931,3
3932,9
3933,6
3934,9
3935,6
3936,10
3937,1
3938,5
3939,6
3940,4
3941,2
3942,5
3943,2
3944,3
3945,10
3946,9
3947,4
3948,6
3949,4
3950,6
3951,8
3952,8
3953,9
3954,2
3955,5
3956,4
3957,7
3958,7
3959,2
3960,10
3961,4
3962,5
3963,8
3964,2
3965,9
3966,4
3967,6
3968,9
3969,6
3970,8
3971,1
3972,7
3973,3
3974,10
3975,4
3976,4
3977,10
3978,4
3979,3
3980,8
3981,2
3982,5
3983,1
3984,2
3985,10
3986,10
3987,4
3988,2
3989,5
3990,1
3991,5
3992,1
3993,4
3994,2
3995,9
3996,3
3997,10
3998,4
3999,3
4000,5
4001,9
4002,6
4003,7
4004,8
4005,1
4006,9
4007,1
4008,10
4009,1
4010,1
4011,2
4012,2
4013,1
4014,3
4015,4
4016,10
4017,4
4018,5
4019,2
4020,6
4021,6
4022,7
4023,6
4024,8
4025,10
4026,9
4027,5
4028,1
4029,3
4030,2
4031,10
4032,1
4033,5
4034,5
4035,10
4036,6
4037,2
4038,7
4039,1
4040,8
4041,7
4042,9
4043,10
4044,9
4045,3
4046,10
4047,9
4048,10
4049,7
4050,1
4051,8
4052,2
4053,9
4054,3
4055,8
4056,5
4057,6
4058,8
4059,2
4060,5
4061,1
4062,1
4063,7
4064,4
4065,10
4066,9
4067,7
4068,9
4069,2
4070,3
4071,2
4072,2
4073,1
4074,8
4075,1
4076,4
4077,5
4078,6
4079,6
4080,9
4081,1
4082,6
4083,1
4084,6
4085,3
4086,10
4087,8
4088,3
4089,10
4090,4
4091,2
4092,2
4093,4
4094,2
4095,2
4096,7
4097,5
4098,3
4099,10
4100,2
4101,2
4102,4
4103,2
4104,8
4105,1
4106,7
4107,6
4108,5
4109,6
4110,10
4111,8
4112,5
4113,10
4114,10
4115,4
4116,3
4117,4
4118,1
4119,7
4120,1
4121,10
4122,5
4123,2
4124,5
4125,6
4126,7
4127,10
4128,1
4129,9
4130,3
4131,6
4132,9
4133,3
4134,1
4135,7
4136,7
4137,2
4138,9
4139,5
4140,2
4141,10
4142,8
4143,7
4144,10
4145,8
4146,2
4147,5
4148,10
4149,9
4150,3
4151,2
4152,7
4153,3
4154,8
4155,4
4156,7
4157,1
4158,7
4159,2
4160,7
4161,4
4162,5
4163,6
4164,10
4165,8
4166,3
4167,1
4168,2
4169,2
4170,4
4171,6
4172,1
4173,8
4174,6
4175,6
4176,6
4177,2
4178,9
4179,10
4180,1
4181,1
4182,4
4183,9
4184,8
4185,8
4186,10
4187,6
4188,9
4189,7
4190,1
4191,10
4192,3
4193,10
4194,8
4195,10
4196,4
4197,7
4198,7
4199,5
4200,8
4201,4
4202,9
4203,5
4204,1
4205,9
4206,4
4207,6
4208,6
4209,7
4210,1
4211,3
4212,2
4213,1
4214,3
4215,9
4216,4
4217,1
4218,5
4219,7
4220,6
4221,5
4222,8
4223,4
4224,9
4225,9
4226,1
4227,8
4228,2
4229,7
4230,1
4231,4
4232,4
4233,3
4234,5
4235,4
4236,8
4237,6
4238,9
4239,9
4240,10
4241,1
4242,1
4243,9
4244,2
4245,6
4246,3
4247,9
4248,4
4249,3
4250,5
4251,4
4252,8
4253,6
4254,9
4255,10
4256,10
4257,10
4258,8
4259,1
4260,8
4261,8
4262,1
4263,8
4264,4
4265,4
4266,2
4267,4
4268,9
4269,10
4270,10
4271,8
4272,3
4273,7
4274,2
4275,7
4276,9
4277,7
4278,7
4279,2
4280,6
4281,9
4282,5
4283,2
4284,8
4285,10
4286,4
4287,7
4288,5
4289,6
4290,2
4291,7
4292,9
4293,1
4294,7
4295,6
4296,10
4297,3
4298,2
4299,7
4300,5
4301,10
4302,6
4303,8
4304,1
4305,2
4306,2
4307,6
4308,4
4309,1
4310,7
4311,10
4312,5
4313,8
4314,9
4315,3
4316,10
4317,7
4318,9
4319,6
4320,6
4321,10
4322,3
4323,10
4324,2
4325,3
4326,1
4327,4
4328,8
4329,10
4330,7
4331,7
4332,7
4333,7
4334,4
4335,8
4336,4
4337,3
4338,4
4339,4
4340,2
4341,6
4342,8
4343,4
4344,3
4345,8
4346,10
4347,2
4348,4
4349,4
4350,7
4351,9
4352,9
4353,8
4354,6
4355,6
4356,2
4357,7
4358,5
4359,9
4360,10
4361,1
4362,1
4363,10
4364,7
4365,6
4366,9
4367,6
4368,9
4369,4
4370,1
4371,8
4372,9
4373,8
4374,3
4375,6
4376,5
4377,1
4378,4
4379,5
4380,8
4381,5
4382,2
4383,7
4384,8
4385,7
4386,7
4387,4
4388,10
4389,2
4390,5
4391,6
4392,3
4393,9
4394,10
4395,2
4396,8
4397,9
4398,3
4399,4
4400,1
4401,2
4402,10
4403,3
4404,10
4405,10
4406,5
4407,5
4408,9
4409,7
4410,8
4411,2
4412,2
4413,2
4414,4
4415,5
4416,3
4417,8
4418,10
4419,5
4420,1
4421,2
4422,2
4423,4
4424,5
4425,8
4426,4
4427,7
4428,5
4429,10
4430,6
4431,6
4432,7
4433,3
4434,8
4435,8
4436,9
4437,6
4438,10
4439,4
4440,1
4441,2
4442,2
4443,4
4444,5
4445,3
4446,4
4447,2
4448,5
4449,3
4450,9
4451,9
4452,7
4453,2
4454,8
4455,1
4456,9
4457,6
4458,10
4459,9
4460,1
4461,9
4462,2
4463,7
4464,5
4465,7
4466,4
4467,3
4468,5
4469,3
4470,6
4471,9
4472,7
4473,6
4474,8
4475,4
4476,9
4477,6
4478,10
4479,5
4480,8
4481,1
4482,7
4483,2
4484,5
4485,5
4486,1
4487,2
4488,6
4489,7
4490,9
4491,1
4492,1
4493,1
4494,8
4495,4
4496,4
4497,7
4498,6
4499,5
4500,5
4501,4
4502,9
4503,1
4504,7
4505,1
4506,3
4507,6
4508,2
4509,3
4510,8
4511,2
4512,8
4513,10
4514,10
4515,5
4516,10
4517,2
4518,2
4519,4
4520,5
4521,5
4522,5
4523,5
4524,7
4525,9
4526,8
4527,2
4528,8
4529,2
4530,6
4531,1
4532,5
4533,7
4534,6
4535,8
4536,1
4537,4
4538,10
4539,9
4540,10
4541,9
4542,9
4543,1
4544,1
4545,2
4546,8
4547,10
4548,1
4549,4
4550,7
4551,1
4552,6
4553,2
4554,7
4555,1
4556,2
4557,3
4558,9
4559,10
4560,7
4561,8
4562,5
4563,7
4564,7
4565,5
4566,1
4567,4
4568,10
4569,3
4570,5
4571,9
4572,7
4573,8
4574,5
4575,8
4576,4
4577,10
4578,10
4579,9
4580,4
4581,8
4582,1
4583,9
4584,1
4585,1
4586,6
4587,10
4588,3
4589,1
4590,6
4591,6
4592,9
4593,8
4594,9
4595,1
4596,9
4597,10
4598,8
4599,2
4600,5
4601,9
4602,4
4603,3
4604,9
4605,1
4606,9
4607,3
4608,6
4609,5
4610,1
4611,4
4612,8
4613,1
4614,2
4615,2
4616,4
4617,8
4618,7
4619,9
4620,10
4621,9
4622,5
4623,2
4624,2
4625,7
4626,8
4627,2
4628,7
4629,1
4630,10
4631,2
4632,4
4633,3
4634,4
4635,5
4636,8
4637,8
4638,5
4639,6
4640,2
4641,2
4642,10
4643,8
4644,2
4645,8
4646,1
4647,1
4648,7
4649,8
4650,1
4651,9
4652,2
4653,2
4654,3
4655,3
4656,4
4657,7
4658,5
4659,8
4660,6
4661,9
4662,7
4663,9
4664,8
4665,1
4666,9
4667,10
4668,8
4669,8
4670,1
4671,6
4672,2
4673,5
4674,3
4675,2
4676,4
4677,6
4678,5
4679,7
4680,6
4681,3
4682,7
4683,1
4684,8
4685,7
4686,9
4687,1
4688,10
4689,3
4690,1
4691,10
4692,2
4693,9
4694,3
4695,3
4696,4
4697,10
4698,5
4699,7
4700,6
4701,5
4702,7
4703,10
4704,8
4705,8
4706,9
4707,6
4708,10
4709,4
4710,1
4711,7
4712,9
4713,7
4714,4
4715,1
4716,10
4717,9
4718,6
4719,10
4720,7
4721,9
4722,3
4723,7
4724,7
4725,2
4726,9
4727,1
4728,5
4729,10
4730,10
4731,10
4732,2
4733,1
4734,8
4735,4
4736,2
4737,10
4738,3
4739,1
4740,4
4741,8
4742,6
4743,2
4744,10
4745,1
4746,7
4747,4
4748,10
4749,5
4750,2
4751,3
4752,2
4753,6
4754,2
4755,7
4756,3
4757,10
4758,10
4759,4
4760,10
4761,1
4762,7
4763,7
4764,9
4765,3
4766,2
4767,10
4768,3
4769,2
4770,1
4771,1
4772,8
4773,1
4774,8
4775,1
4776,6
4777,2
4778,9
4779,10
4780,3
4781,8
4782,10
4783,4
4784,9
4785,3
4786,10
4787,1
4788,1
4789,7
4790,5
4791,9
4792,8
4793,9
4794,9
4795,5
4796,5
4797,1
4798,6
4799,1
4800,7
4801,8
4802,1
4803,3
4804,4
4805,2
4806,7
4807,10
4808,9
4809,3
4810,8
4811,5
4812,1
4813,8
4814,5
4815,4
4816,3
4817,2
4818,8
4819,1
4820,10
4821,1
4822,4
4823,1
4824,8
4825,10
4826,6
4827,9
4828,5
4829,5
4830,4
4831,2
4832,10
4833,10
4834,3
4835,4
4836,9
4837,4
4838,2
4839,8
4840,6
4841,5
4842,2
4843,10
4844,5
4845,8
4846,1
4847,6
4848,3
4849,7
4850,6
4851,2
4852,7
4853,6
4854,5
4855,3
4856,9
4857,1
4858,1
4859,6
4860,1
4861,9
4862,1
4863,6
4864,4
4865,9
4866,4
4867,4
4868,6
4869,7
4870,8
4871,6
4872,1
4873,1
4874,7
4875,6
4876,5
4877,3
4878,9
4879,4
4880,9
4881,2
4882,7
4883,5
4884,8
4885,2
4886,10
4887,3
4888,10
4889,1
4890,9
4891,3
4892,3
4893,6
4894,8
4895,2
4896,8
4897,7
4898,2
4899,2
4900,1
4901,1
4902,2
4903,1
4904,3
4905,8
4906,4
4907,9
4908,5
4909,1
4910,6
4911,10
4912,9
4913,8
4914,10
4915,10
4916,1
4917,7
4918,2
4919,2
4920,3
4921,6
4922,4
4923,5
4924,5
4925,1
4926,6
4927,3
4928,7
4929,9
4930,9
4931,1
4932,9
4933,9
4934,10
4935,10
4936,1
4937,5
4938,2
4939,10
4940,3
4941,2
4942,4
4943,10
4944,5
4945,6
4946,10
4947,7
4948,7
4949,9
4950,8
4951,4
4952,4
4953,5
4954,10
4955,7
4956,2
4957,7
4958,5
4959,6
4960,9
4961,3
4962,5
4963,4
4964,3
4965,7
4966,4
4967,2
4968,4
4969,2
4970,1
4971,7
4972,10
4973,10
4974,10
4975,1
4976,5
4977,3
4978,4
4979,8
4980,1
4981,4
4982,9
4983,3
4984,5
4985,7
4986,1
4987,7
4988,9
4989,9
4990,9
4991,1
4992,2
4993,10
4994,7
4995,6
4996,10
4997,6
4998,2
4999,5
5000,3
